Subject,Body,Sentiment
Missed Deadline Concern,dear team im quite concerned that we missed the delivery deadline again this is becoming a pattern and we need to address the root cause immediately regards dia ,positive
Thank you for your support,dear emily thank you so much for helping me resolve the issue with the system your quick response and support made a huge difference regards dia ,positive
Billing Confusion,there seems to be an extra charge on my invoice please check ,positive
Question About Data Policy, how do you manage user data under gdpr ,neutral
Great job on presentation!,hi team i just wanted to say how impressed i was with todays presentation your hard work really paid off and the client was very happy keep up the amazing work best wishes dia ,positive
Disappointed with the Service,hi im writing to express my dissatisfaction with the customer service i received yesterday the representative was unhelpful and my issue remains unresolved sincerely dia ,neutral
Website Feedback,i am still waiting for my order please update me on the status ,positive
Delayed Order Issue,i am still waiting for my order please update me on the status ,positive
Great Update,loving the new dashboard look and features well done ,positive
Feature Suggestion,i am still waiting for my order please update me on the status regards av knitting house rania udayan palli poboral ps sonarpur kolkata700154 west bengal india ,positive
Appreciation for Support,the trial version worked fine but didnt exceed expectations regards av knitting house rania udayan palli poboral ps sonarpur kolkata700154 west bengal india ,positive
Appreciation for Support,there seems to be an extra charge on my invoice please check ,positive
Appreciation for Support,there seems to be an extra charge on my invoice please check ,positive
Website Feedback,i am still waiting for my order please update me on the status ,positive
Website Feedback,there seems to be an extra charge on my invoice please check ,positive
Billing Confusion,your team was very helpful and resolved my issue swiftly thanks ,positive
Billing Confusion,there seems to be an extra charge on my invoice please check ,positive
Delayed Order Issue,i am still waiting for my order please update me on the status ,positive
Delayed Order Issue,thanks for the fast response it was very professional ,positive
Great Update,loving the new dashboard look and features well done ,positive
Proposal for Strategic Partnership Opportunity,i hope this note finds you well i wanted to explore a potential strategic partnership that could be mutually beneficial we believe our service offerings align well with your current business goals if this sounds interesting lets schedule a quick call to discuss further ,positive
Quick Follow-Up on Our Earlier Discussion,just wanted to circle back on our last conversation have you had a chance to review the materials we sent over happy to clarify anything or jump on a call if needed ,positive
Unlocking Cost Efficiencies with Our New Framework,weve recently helped companies in your sector reduce operational costs through our revamped delivery framework id love to walk you through how it might apply to your team as well are you open to a quick 15minute call ,positive
Final Reminder: Special Pricing Ends This Week,just a headsupour limitedtime pricing offer wraps up by end of this week if youre still considering moving forward this would be the ideal time to take advantage of the deal let me know how youd like to proceed ,positive
Re: Interest in Financial Planning Solutions,i wanted to reconnect regarding your interest in financial planning tools weve rolled out a few new features recently that you might find useful let me know if youd like a short walkthrough ,positive
Checking In – Any Updates from Your End?,hope youre doing well just touching base to see if there have been any updates or decisions on your side let me know if you need anything else from me in the meantime ,positive
Invitation to Join Our Exclusive Webinar Series,were launching a new series focused on business transformation trends and wed love for you to attend its inviteonly and features speakers from across industries would you like me to send over the registration link ,positive
Quick Question About Your Current Vendor Setup,are you currently reviewing your vendor relationships for this quarter weve helped similar teams enhance service delivery while lowering total cost if thats a conversation worth having id be glad to set up a quick chat ,positive
Just Sent Over the Documents – Let Me Know,ive just emailed the documents we discussed please confirm once received and let me know if you need help walking through any part of it ,positive
Excellent Work on the Campaign!,hi jennifer i just reviewed the campaign performance and it exceeded all expectations your creativity and effort really made a difference well done dia ,positive
Promotion Congratulations!,hey tom congrats on your promotion its well deserved and i couldnt be happier for you lets celebrate soon cheers dia ,positive
Great Support from Your Team,dear support i wanted to let you know how impressed i was with your teams quick and friendly assistance it made the whole process so smooth best dia ,positive
Timesheet Submission Reminder,hi team please remember to submit your timesheets by friday afternoon let me know if you encounter any issues thanks dia ,positive
Scheduled Maintenance Notification,dear users our systems will be undergoing maintenance on saturday from 1 am to 3 am services may be temporarily unavailable sincerely dia ,positive
Confirmation of Appointment,hello this is to confirm your appointment on march 10th at 2 pm with dr miller please arrive 10 minutes early kind regards dia ,positive
Poor Quality of Delivered Goods,hi the items we received were not as described and of poor quality were very disappointed and request a full refund regards dia ,negative
Delay in Payment Processing,dear finance team its been over two weeks and the invoice is still pending this delay is causing inconvenience to our operations please resolve this asap thanks dia ,positive
Missed Meeting Without Notice,hi sam you missed todays scheduled meeting without informing the team this disrupted our progress please ensure this doesnt happen again regards dia ,positive
Extremely Frustrated with the App,hi ive tried using your app multiple times and it keeps crashing im extremely frustrated with the poor user experience please fix this or ill have to switch to another service dia ,negative
2-Step Verification turned on,image google 2step verification turned on analytechclientsgmailcom your google account analytechclientsgmailcom is now protected with 2step verification when you sign in on a new or untrusted device youll need your second factor to verify your identity dont get locked out you can add a backup phone or get backup codes to use when you dont have your second factor with you you can review your 2sv settings to make changes you can also see security activity at httpsmyaccountgooglecomnotifications you received this email to let you know about important changes to your google account and services 2025 google llc 1600 amphitheatre parkway mountain view ca 94043 usa ,positive
Security alert,image google app password created to sign in to your account analytechclientsgmailcom if you didnt generate this password for error someone might be using your account check and secure your account now check activity you can also see security activity at httpsmyaccountgooglecomnotifications you received this email to let you know about important changes to your google account and services 2025 google llc 1600 amphitheatre parkway mountain view ca 94043 usa ,positive
Impressive Product Quality,im really impressed with the quality of your products kudos to the team ,positive
Great Service Experience!,i just wanted to say thank you for the excellent support keep it up ,positive
Love Your Brand!,ive been a loyal customer for years and im always happy with your service ,positive
Exceptional Customer Support,your customer service team went above and beyond much appreciated ,positive
Fantastic Experience!,the experience with your team was smooth and professional thank you ,positive
Order Inquiry,i would like to know the status of my recent order ,positive
Product Availability,can you please confirm if the product is back in stock ,positive
Quotation Request,could you send me a quotation for your bulk pricing options ,neutral
Website Navigation,just some feedback your website could use clearer navigation ,neutral
New Business Proposal,we are interested in a potential collaboration lets connect ,positive
Unresolved Issue,my issue hasnt been resolved even after multiple followups ,negative
Product Not as Described,the product i received doesnt match the description ,neutral
Delayed Delivery,my order was delayed significantly without any update ,negative
Disappointed with Service,im disappointed with the service i received recently ,negative
Poor Customer Support,the support team was unhelpful and dismissive ,positive
"Great Product, but Delivery Issues",i love the product but the delivery was delayed ,neutral
"Helpful Staff, but System Glitch",the staff was helpful but the ordering system glitched ,positive
"Good Value, Needs More Options",the pricing is great but id like to see more variety ,positive
"Fast Response, but Incomplete Solution",you replied quickly but the issue wasnt fully resolved ,negative
"Love the App, Minor Bugs",i love using your app but it has a few bugs to fix ,positive
