Email,Subject,Body
analytech.clients@gmail.com,Missed Deadline Concern,dear team im quite concerned that we missed the delivery deadline again this is becoming a pattern and we need to address the root cause immediately regards dia 
analytech.clients@gmail.com,Thank you for your support,dear emily thank you so much for helping me resolve the issue with the system your quick response and support made a huge difference regards dia 
analytech.clients@gmail.com,Billing Confusion,there seems to be an extra charge on my invoice please check 
analytech.clients@gmail.com,Question About Data Policy, how do you manage user data under gdpr 
analytech.clients@gmail.com,Great job on presentation!,hi team i just wanted to say how impressed i was with todays presentation your hard work really paid off and the client was very happy keep up the amazing work best wishes dia 
analytech.clients@gmail.com,Disappointed with the Service,hi im writing to express my dissatisfaction with the customer service i received yesterday the representative was unhelpful and my issue remains unresolved sincerely dia 
analytech.clients@gmail.com,Website Feedback,i am still waiting for my order please update me on the status 
analytech.clients@gmail.com,Delayed Order Issue,i am still waiting for my order please update me on the status 
analytech.clients@gmail.com,Great Update,loving the new dashboard look and features well done 
analytech.clients@gmail.com,Feature Suggestion,i am still waiting for my order please update me on the status regards av knitting house rania udayan palli poboral ps sonarpur kolkata700154 west bengal india 
analytech.clients@gmail.com,Appreciation for Support,the trial version worked fine but didnt exceed expectations regards av knitting house rania udayan palli poboral ps sonarpur kolkata700154 west bengal india 
analytech.clients@gmail.com,Appreciation for Support,there seems to be an extra charge on my invoice please check 
analytech.clients@gmail.com,Appreciation for Support,there seems to be an extra charge on my invoice please check 
analytech.clients@gmail.com,Website Feedback,i am still waiting for my order please update me on the status 
analytech.clients@gmail.com,Website Feedback,there seems to be an extra charge on my invoice please check 
analytech.clients@gmail.com,Billing Confusion,your team was very helpful and resolved my issue swiftly thanks 
analytech.clients@gmail.com,Billing Confusion,there seems to be an extra charge on my invoice please check 
analytech.clients@gmail.com,Delayed Order Issue,i am still waiting for my order please update me on the status 
analytech.clients@gmail.com,Delayed Order Issue,thanks for the fast response it was very professional 
analytech.clients@gmail.com,Great Update,loving the new dashboard look and features well done 
analytech.clients@gmail.com,Proposal for Strategic Partnership Opportunity,i hope this note finds you well i wanted to explore a potential strategic partnership that could be mutually beneficial we believe our service offerings align well with your current business goals if this sounds interesting lets schedule a quick call to discuss further 
analytech.clients@gmail.com,Quick Follow-Up on Our Earlier Discussion,just wanted to circle back on our last conversation have you had a chance to review the materials we sent over happy to clarify anything or jump on a call if needed 
analytech.clients@gmail.com,Unlocking Cost Efficiencies with Our New Framework,weve recently helped companies in your sector reduce operational costs through our revamped delivery framework id love to walk you through how it might apply to your team as well are you open to a quick 15minute call 
analytech.clients@gmail.com,Final Reminder: Special Pricing Ends This Week,just a headsupour limitedtime pricing offer wraps up by end of this week if youre still considering moving forward this would be the ideal time to take advantage of the deal let me know how youd like to proceed 
analytech.clients@gmail.com,Re: Interest in Financial Planning Solutions,i wanted to reconnect regarding your interest in financial planning tools weve rolled out a few new features recently that you might find useful let me know if youd like a short walkthrough 
analytech.clients@gmail.com,Checking In – Any Updates from Your End?,hope youre doing well just touching base to see if there have been any updates or decisions on your side let me know if you need anything else from me in the meantime 
analytech.clients@gmail.com,Invitation to Join Our Exclusive Webinar Series,were launching a new series focused on business transformation trends and wed love for you to attend its inviteonly and features speakers from across industries would you like me to send over the registration link 
analytech.clients@gmail.com,Quick Question About Your Current Vendor Setup,are you currently reviewing your vendor relationships for this quarter weve helped similar teams enhance service delivery while lowering total cost if thats a conversation worth having id be glad to set up a quick chat 
analytech.clients@gmail.com,Just Sent Over the Documents – Let Me Know,ive just emailed the documents we discussed please confirm once received and let me know if you need help walking through any part of it 
analytech.clients@gmail.com,Excellent Work on the Campaign!,hi jennifer i just reviewed the campaign performance and it exceeded all expectations your creativity and effort really made a difference well done dia 
analytech.clients@gmail.com,Promotion Congratulations!,hey tom congrats on your promotion its well deserved and i couldnt be happier for you lets celebrate soon cheers dia 
analytech.clients@gmail.com,Great Support from Your Team,dear support i wanted to let you know how impressed i was with your teams quick and friendly assistance it made the whole process so smooth best dia 
analytech.clients@gmail.com,Timesheet Submission Reminder,hi team please remember to submit your timesheets by friday afternoon let me know if you encounter any issues thanks dia 
analytech.clients@gmail.com,Scheduled Maintenance Notification,dear users our systems will be undergoing maintenance on saturday from 1 am to 3 am services may be temporarily unavailable sincerely dia 
analytech.clients@gmail.com,Confirmation of Appointment,hello this is to confirm your appointment on march 10th at 2 pm with dr miller please arrive 10 minutes early kind regards dia 
analytech.clients@gmail.com,Poor Quality of Delivered Goods,hi the items we received were not as described and of poor quality were very disappointed and request a full refund regards dia 
analytech.clients@gmail.com,Delay in Payment Processing,dear finance team its been over two weeks and the invoice is still pending this delay is causing inconvenience to our operations please resolve this asap thanks dia 
analytech.clients@gmail.com,Missed Meeting Without Notice,hi sam you missed todays scheduled meeting without informing the team this disrupted our progress please ensure this doesnt happen again regards dia 
analytech.clients@gmail.com,Extremely Frustrated with the App,hi ive tried using your app multiple times and it keeps crashing im extremely frustrated with the poor user experience please fix this or ill have to switch to another service dia 
analytech.clients@gmail.com,2-Step Verification turned on,image google 2step verification turned on analytechclientsgmailcom your google account analytechclientsgmailcom is now protected with 2step verification when you sign in on a new or untrusted device youll need your second factor to verify your identity dont get locked out you can add a backup phone or get backup codes to use when you dont have your second factor with you you can review your 2sv settings to make changes you can also see security activity at httpsmyaccountgooglecomnotifications you received this email to let you know about important changes to your google account and services 2025 google llc 1600 amphitheatre parkway mountain view ca 94043 usa 
analytech.clients@gmail.com,Security alert,image google app password created to sign in to your account analytechclientsgmailcom if you didnt generate this password for error someone might be using your account check and secure your account now check activity you can also see security activity at httpsmyaccountgooglecomnotifications you received this email to let you know about important changes to your google account and services 2025 google llc 1600 amphitheatre parkway mountain view ca 94043 usa 
analytech.clients@gmail.com,Impressive Product Quality,im really impressed with the quality of your products kudos to the team 
analytech.clients@gmail.com,Great Service Experience!,i just wanted to say thank you for the excellent support keep it up 
analytech.clients@gmail.com,Love Your Brand!,ive been a loyal customer for years and im always happy with your service 
analytech.clients@gmail.com,Exceptional Customer Support,your customer service team went above and beyond much appreciated 
analytech.clients@gmail.com,Fantastic Experience!,the experience with your team was smooth and professional thank you 
analytech.clients@gmail.com,Order Inquiry,i would like to know the status of my recent order 
analytech.clients@gmail.com,Product Availability,can you please confirm if the product is back in stock 
analytech.clients@gmail.com,Quotation Request,could you send me a quotation for your bulk pricing options 
analytech.clients@gmail.com,Website Navigation,just some feedback your website could use clearer navigation 
analytech.clients@gmail.com,New Business Proposal,we are interested in a potential collaboration lets connect 
analytech.clients@gmail.com,Unresolved Issue,my issue hasnt been resolved even after multiple followups 
analytech.clients@gmail.com,Product Not as Described,the product i received doesnt match the description 
analytech.clients@gmail.com,Delayed Delivery,my order was delayed significantly without any update 
analytech.clients@gmail.com,Disappointed with Service,im disappointed with the service i received recently 
analytech.clients@gmail.com,Poor Customer Support,the support team was unhelpful and dismissive 
analytech.clients@gmail.com,"Great Product, but Delivery Issues",i love the product but the delivery was delayed 
analytech.clients@gmail.com,"Helpful Staff, but System Glitch",the staff was helpful but the ordering system glitched 
analytech.clients@gmail.com,"Good Value, Needs More Options",the pricing is great but id like to see more variety 
analytech.clients@gmail.com,"Fast Response, but Incomplete Solution",you replied quickly but the issue wasnt fully resolved 
analytech.clients@gmail.com,"Love the App, Minor Bugs",i love using your app but it has a few bugs to fix 
analytech.clients@gmail.com,Question About Billing Cycle,Please clarify how billing is handled month to month.
analytech.clients@gmail.com,Disappointed with Support,I expected better support from your team.
analytech.clients@gmail.com,Refund Delay,I expected better support from your team.
analytech.clients@gmail.com,Kudos to the Team,Everything works perfectly. Great job!
analytech.clients@gmail.com,Unresolved Issue,I have written multiple times but no resolution yet.
analytech.clients@gmail.com,Unresolved Issue,I have written multiple times but no resolution yet.
analytech.clients@gmail.com,Question About Billing Cycle,Can you tell me more about your subscription options?
analytech.clients@gmail.com,App Keeps Crashing,Still no refund. This is unacceptable.
analytech.clients@gmail.com,Thanks for the Help,Loved the feature enhancements. Please pass my thanks to the devs.
analytech.clients@gmail.com,Fantastic Experience,Loved the feature enhancements. Please pass my thanks to the devs.
analytech.clients@gmail.com,Fantastic Experience,Everything works perfectly. Great job!
analytech.clients@gmail.com,Question About Billing Cycle,Can you tell me more about your subscription options?
analytech.clients@gmail.com,Kudos to the Team,Everything works perfectly. Great job!
analytech.clients@gmail.com,Request for Callback,I saw the new dashboard but need help navigating it.
analytech.clients@gmail.com,Question About Billing Cycle,I saw the new dashboard but need help navigating it.
analytech.clients@gmail.com,Love the New Feature,Thank you for resolving my issue so quickly.
analytech.clients@gmail.com,Question About Billing Cycle,Can you tell me more about your subscription options?
analytech.clients@gmail.com,Disappointed with Support,I have written multiple times but no resolution yet.
analytech.clients@gmail.com,Disappointed with Support,I have written multiple times but no resolution yet.
analytech.clients@gmail.com,App Keeps Crashing,Still no refund. This is unacceptable.
analytech.clients@gmail.com,Really Appreciate the Update,Loved the feature enhancements. Please pass my thanks to the devs.
analytech.clients@gmail.com,Need Info About Product,Please clarify how billing is handled month to month.
analytech.clients@gmail.com,Really Appreciate the Update,Loved the feature enhancements. Please pass my thanks to the devs.
analytech.clients@gmail.com,Still Waiting for Response,Still no refund. This is unacceptable.
analytech.clients@gmail.com,General Inquiry,Could someone from your team call me for a quick demo?
analytech.clients@gmail.com,Thanks for the Help,Thank you for resolving my issue so quickly.
analytech.clients@gmail.com,General Inquiry,Could someone from your team call me for a quick demo?
analytech.clients@gmail.com,Kudos to the Team,Everything works perfectly. Great job!
analytech.clients@gmail.com,Thanks for the Help,Thank you for resolving my issue so quickly.
analytech.clients@gmail.com,Question About Billing Cycle,I saw the new dashboard but need help navigating it.
analytech.clients@gmail.com,Request for Callback,Could someone from your team call me for a quick demo?
analytech.clients@gmail.com,Kudos to the Team,I'm impressed with how smooth the new update is.
analytech.clients@gmail.com,Refund Delay,I have written multiple times but no resolution yet.
analytech.clients@gmail.com,Refund Delay,I have written multiple times but no resolution yet.
analytech.clients@gmail.com,How To Use New Dashboard?,Can you tell me more about your subscription options?
analytech.clients@gmail.com,General Inquiry,Please clarify how billing is handled month to month.
analytech.clients@gmail.com,Still Waiting for Response,I have written multiple times but no resolution yet.
analytech.clients@gmail.com,Still Waiting for Response,Still no refund. This is unacceptable.
analytech.clients@gmail.com,Still Waiting for Response,Still no refund. This is unacceptable.
analytech.clients@gmail.com,How To Use New Dashboard?,Can you tell me more about your subscription options?
analytech.clients@gmail.com,Unresolved Issue,Still no refund. This is unacceptable.
analytech.clients@gmail.com,App Keeps Crashing,I expected better support from your team.
analytech.clients@gmail.com,General Inquiry,Could someone from your team call me for a quick demo?
analytech.clients@gmail.com,General Inquiry,Could someone from your team call me for a quick demo?
analytech.clients@gmail.com,Still Waiting for Response,Still no refund. This is unacceptable.
analytech.clients@gmail.com,Love the New Feature,Everything works perfectly. Great job!
analytech.clients@gmail.com,Refund Delay,The service has been unresponsive lately.
analytech.clients@gmail.com,Kudos to the Team,Everything works perfectly. Great job!
analytech.clients@gmail.com,Unresolved Issue,Your app crashes every time I try to upload a file.
analytech.clients@gmail.com,Thanks for the Help,Excellent service! Keep it up.
analytech.clients@gmail.com,Need Info About Product,Please clarify how billing is handled month to month.
analytech.clients@gmail.com,Disappointed with Support,Your app crashes every time I try to upload a file.
analytech.clients@gmail.com,Still Waiting for Response,I have written multiple times but no resolution yet.
analytech.clients@gmail.com,Unresolved Issue,The service has been unresponsive lately.
analytech.clients@gmail.com,Fantastic Experience,Excellent service! Keep it up.
analytech.clients@gmail.com,App Keeps Crashing,The service has been unresponsive lately.
analytech.clients@gmail.com,Still Waiting for Response,Still no refund. This is unacceptable.
analytech.clients@gmail.com,Really Appreciate the Update,Loved the feature enhancements. Please pass my thanks to the devs.
analytech.clients@gmail.com,Really Appreciate the Update,Everything works perfectly. Great job!
analytech.clients@gmail.com,Love the New Feature,Excellent service! Keep it up.
analytech.clients@gmail.com,Disappointed with Support,I have written multiple times but no resolution yet.
analytech.clients@gmail.com,Really Appreciate the Update,I'm impressed with how smooth the new update is.
analytech.clients@gmail.com,Unresolved Issue,The service has been unresponsive lately.
analytech.clients@gmail.com,General Inquiry,I saw the new dashboard but need help navigating it.
analytech.clients@gmail.com,How To Use New Dashboard?,Just wanted to know when the next update is planned.
analytech.clients@gmail.com,Kudos to the Team,Excellent service! Keep it up.
analytech.clients@gmail.com,Refund Delay,I have written multiple times but no resolution yet.
analytech.clients@gmail.com,Need Info About Product,Could someone from your team call me for a quick demo?
analytech.clients@gmail.com,Fantastic Experience,Loved the feature enhancements. Please pass my thanks to the devs.
analytech.clients@gmail.com,Love the New Feature,Thank you for resolving my issue so quickly.
analytech.clients@gmail.com,App Keeps Crashing,I expected better support from your team.
analytech.clients@gmail.com,Question About Billing Cycle,I saw the new dashboard but need help navigating it.
analytech.clients@gmail.com,Unresolved Issue,Still no refund. This is unacceptable.
analytech.clients@gmail.com,Question About Billing Cycle,I saw the new dashboard but need help navigating it.
analytech.clients@gmail.com,How To Use New Dashboard?,Please clarify how billing is handled month to month.
analytech.clients@gmail.com,General Inquiry,Can you tell me more about your subscription options?
analytech.clients@gmail.com,Fantastic Experience,Loved the feature enhancements. Please pass my thanks to the devs.
analytech.clients@gmail.com,Disappointed with Support,Still no refund. This is unacceptable.
analytech.clients@gmail.com,General Inquiry,Can you tell me more about your subscription options?
analytech.clients@gmail.com,Kudos to the Team,Loved the feature enhancements. Please pass my thanks to the devs.
analytech.clients@gmail.com,How To Use New Dashboard?,Just wanted to know when the next update is planned.
analytech.clients@gmail.com,Still Waiting for Response,Your app crashes every time I try to upload a file.
analytech.clients@gmail.com,Love the New Feature,Excellent service! Keep it up.
analytech.clients@gmail.com,Disappointed with Support,Your app crashes every time I try to upload a file.
analytech.clients@gmail.com,Disappointed with Support,I expected better support from your team.
analytech.clients@gmail.com,Refund Delay,Still no refund. This is unacceptable.
analytech.clients@gmail.com,Need Info About Product,Just wanted to know when the next update is planned.
analytech.clients@gmail.com,Kudos to the Team,I'm impressed with how smooth the new update is.
analytech.clients@gmail.com,Love the New Feature,I'm impressed with how smooth the new update is.
analytech.clients@gmail.com,Request for Callback,I saw the new dashboard but need help navigating it.
analytech.clients@gmail.com,Kudos to the Team,Excellent service! Keep it up.
analytech.clients@gmail.com,Still Waiting for Response,Your app crashes every time I try to upload a file.
analytech.clients@gmail.com,Really Appreciate the Update,Excellent service! Keep it up.
analytech.clients@gmail.com,How To Use New Dashboard?,Just wanted to know when the next update is planned.
analytech.clients@gmail.com,Fantastic Experience,Everything works perfectly. Great job!
analytech.clients@gmail.com,Thanks for the Help,Loved the feature enhancements. Please pass my thanks to the devs.
analytech.clients@gmail.com,Disappointed with Support,Still no refund. This is unacceptable.
analytech.clients@gmail.com,Fantastic Experience,Everything works perfectly. Great job!
analytech.clients@gmail.com,Disappointed with Support,The service has been unresponsive lately.
analytech.clients@gmail.com,Question About Billing Cycle,Could someone from your team call me for a quick demo?
